{
  "single_object": {
    "obj1": {
      "predicted_class": "soda can",
      "confidence": 0.2389822006225586,
      "all_scores": {
        "apple": 0.006925547029823065,
        "orange": 0.002521154936403036,
        "banana": 0.06041690707206726,
        "lemon": 0.015515930019319057,
        "pear": 0.0015160629991441965,
        "plate": 0.126670241355896,
        "bowl": 0.029734425246715546,
        "jar": 0.05420738086104393,
        "bottle": 0.11735322326421738,
        "soda can": 0.2389822006225586,
        "knife": 0.0642160102725029,
        "fork": 0.03212017938494682,
        "whisk": 0.0031131634023040533,
        "scissors": 0.01688680425286293,
        "packaged snack": 0.22982080280780792
      }
    },
    "obj2": {
      "predicted_class": "fork",
      "confidence": 0.2620203495025635,
      "all_scores": {
        "apple": 0.015294789336621761,
        "orange": 0.006832299288362265,
        "banana": 0.05766976997256279,
        "lemon": 0.01476721279323101,
        "pear": 0.0033990994561463594,
        "plate": 0.04237372428178787,
        "bowl": 0.010879235342144966,
        "jar": 0.015360363759100437,
        "bottle": 0.012979231774806976,
        "soda can": 0.022896524518728256,
        "knife": 0.09842250496149063,
        "fork": 0.2620203495025635,
        "whisk": 0.18434591591358185,
        "scissors": 0.24512024223804474,
        "packaged snack": 0.007638760842382908
      }
    },
    "obj3": {
      "predicted_class": "fork",
      "confidence": 0.127068892121315,
      "all_scores": {
        "apple": 0.0723787471652031,
        "orange": 0.024855485185980797,
        "banana": 0.09415620565414429,
        "lemon": 0.06028641387820244,
        "pear": 0.08899139612913132,
        "plate": 0.0925431177020073,
        "bowl": 0.028574950993061066,
        "jar": 0.03962225094437599,
        "bottle": 0.04982956126332283,
        "soda can": 0.07078062742948532,
        "knife": 0.09872550517320633,
        "fork": 0.127068892121315,
        "whisk": 0.09531007707118988,
        "scissors": 0.03861348703503609,
        "packaged snack": 0.01826339215040207
      }
    },
    "obj4": {
      "predicted_class": "plate",
      "confidence": 0.27385783195495605,
      "all_scores": {
        "apple": 0.028343824669718742,
        "orange": 0.03385608643293381,
        "banana": 0.007319741416722536,
        "lemon": 0.01662989892065525,
        "pear": 0.002202392555773258,
        "plate": 0.27385783195495605,
        "bowl": 0.151717409491539,
        "jar": 0.09354885667562485,
        "bottle": 0.044624533504247665,
        "soda can": 0.2295844554901123,
        "knife": 0.02334512025117874,
        "fork": 0.04099533334374428,
        "whisk": 0.013737611472606659,
        "scissors": 0.008433733135461807,
        "packaged snack": 0.03180320933461189
      }
    },
    "obj5": {
      "predicted_class": "soda can",
      "confidence": 0.3591054677963257,
      "all_scores": {
        "apple": 0.06874699890613556,
        "orange": 0.014038056135177612,
        "banana": 0.0011547671165317297,
        "lemon": 0.005600400269031525,
        "pear": 0.0017582590226083994,
        "plate": 0.1970372051000595,
        "bowl": 0.07779750972986221,
        "jar": 0.04284888505935669,
        "bottle": 0.020621445029973984,
        "soda can": 0.3591054677963257,
        "knife": 0.08028896898031235,
        "fork": 0.03909286484122276,
        "whisk": 0.004372757859528065,
        "scissors": 0.001740640727803111,
        "packaged snack": 0.08579577505588531
      }
    }
  },
  "multi_object": {
    "obj1": {
      "predicted_class": "apple",
      "confidence": 0.17842666804790497,
      "all_scores": {
        "apple": 0.17842666804790497,
        "orange": 0.009959515184164047,
        "banana": 0.0035580070689320564,
        "lemon": 0.012607160024344921,
        "pear": 0.019061436876654625,
        "plate": 0.0028664590790867805,
        "bowl": 0.0031906699296087027,
        "jar": 0.017054149881005287,
        "bottle": 0.008426275104284286,
        "soda can": 0.027061395347118378,
        "knife": 0.0004933155723847449,
        "fork": 0.0007177753723226488,
        "whisk": 0.0005832678289152682,
        "scissors": 0.00013367521751206368,
        "packaged snack": 0.04919357970356941
      }
    },
    "obj2": {
      "predicted_class": "apple",
      "confidence": 0.17842666804790497,
      "all_scores": {
        "apple": 0.17842666804790497,
        "orange": 0.009959515184164047,
        "banana": 0.0035580070689320564,
        "lemon": 0.012607160024344921,
        "pear": 0.019061436876654625,
        "plate": 0.0028664590790867805,
        "bowl": 0.0031906699296087027,
        "jar": 0.017054149881005287,
        "bottle": 0.008426275104284286,
        "soda can": 0.027061395347118378,
        "knife": 0.0004933155723847449,
        "fork": 0.0007177753723226488,
        "whisk": 0.0005832678289152682,
        "scissors": 0.00013367521751206368,
        "packaged snack": 0.04919357970356941
      }
    },
    "obj3": {
      "predicted_class": "apple",
      "confidence": 0.17842666804790497,
      "all_scores": {
        "apple": 0.17842666804790497,
        "orange": 0.009959515184164047,
        "banana": 0.0035580070689320564,
        "lemon": 0.012607160024344921,
        "pear": 0.019061436876654625,
        "plate": 0.0028664590790867805,
        "bowl": 0.0031906699296087027,
        "jar": 0.017054149881005287,
        "bottle": 0.008426275104284286,
        "soda can": 0.027061395347118378,
        "knife": 0.0004933155723847449,
        "fork": 0.0007177753723226488,
        "whisk": 0.0005832678289152682,
        "scissors": 0.00013367521751206368,
        "packaged snack": 0.04919357970356941
      }
    },
    "obj4": {
      "predicted_class": "apple",
      "confidence": 0.17842666804790497,
      "all_scores": {
        "apple": 0.17842666804790497,
        "orange": 0.009959515184164047,
        "banana": 0.0035580070689320564,
        "lemon": 0.012607160024344921,
        "pear": 0.019061436876654625,
        "plate": 0.0028664590790867805,
        "bowl": 0.0031906699296087027,
        "jar": 0.017054149881005287,
        "bottle": 0.008426275104284286,
        "soda can": 0.027061395347118378,
        "knife": 0.0004933155723847449,
        "fork": 0.0007177753723226488,
        "whisk": 0.0005832678289152682,
        "scissors": 0.00013367521751206368,
        "packaged snack": 0.04919357970356941
      }
    },
    "obj5": {
      "predicted_class": "apple",
      "confidence": 0.17842666804790497,
      "all_scores": {
        "apple": 0.17842666804790497,
        "orange": 0.009959515184164047,
        "banana": 0.0035580070689320564,
        "lemon": 0.012607160024344921,
        "pear": 0.019061436876654625,
        "plate": 0.0028664590790867805,
        "bowl": 0.0031906699296087027,
        "jar": 0.017054149881005287,
        "bottle": 0.008426275104284286,
        "soda can": 0.027061395347118378,
        "knife": 0.0004933155723847449,
        "fork": 0.0007177753723226488,
        "whisk": 0.0005832678289152682,
        "scissors": 0.00013367521751206368,
        "packaged snack": 0.04919357970356941
      }
    }
  },
  "ground_truth": {
    "obj1": "fork",
    "obj2": "knife",
    "obj3": "whisk",
    "obj4": "lemon",
    "obj5": "jar"
  },
  "bounding_boxes": {
    "obj1": [
      165,
      210,
      265,
      350
    ],
    "obj2": [
      1040,
      380,
      1120,
      520
    ],
    "obj3": [
      920,
      340,
      1000,
      460
    ],
    "obj4": [
      640,
      410,
      720,
      490
    ],
    "obj5": [
      750,
      90,
      850,
      200
    ]
  }
}